USE Logistics;

GO
INSERT INTO VehicleType (Id, VehicleName)
VALUES
    (1, 'Car'),
    (2, 'Ship'),
    (3, 'Plane'),
    (4, 'Train');

GO
INSERT INTO Vehicle (VehicleTypeId, VehicleNumber, MaxCargoWeightKg, MaxCargoWeightPnd, MaxCargoVolume)
VALUES
    (1, 'AH1264CD', 1000, 1204.62, 3),
    (2, 'EF5678SA', 5000, 7021.13, 10),
    (3, 'FL8312GL', 3000, 4043.18, 8),
    (4, 'TR7913FR', 50000, 78096.29, 100);

GO
INSERT INTO Warehouse(WarehouseName)
VALUES
    ('NOVA_POSHTA_17'),
    ('NOVA_POSHTA_34');

GO
INSERT INTO Invoice (Id, RecipientAddress, SenderAddress, RecipientPhoneNumber, SenderPhoneNumber)
VALUES
    ('10000000-0000-0000-0000-000000000001', 'Address 10', 'Address 62', '655684', '644325'),
    ('10000000-0000-0000-0000-000000000002', 'Address 23', 'Address 74', '258468', '875856'),
    ('10000000-0000-0000-0000-000000000003', 'Address 31', 'Address 88', '585548', '789012'),
    ('10000000-0000-0000-0000-000000000004', 'Address 46', 'Address 97', '326874', '365487'),
    ('10000000-0000-0000-0000-000000000005', 'Address 57', 'Address 20', '997852', '995854'),
    ('10000000-0000-0000-0000-000000000006', 'Address 92', 'Address 91', '858548', '232845'),
    ('10000000-0000-0000-0000-000000000007', 'Address 77', 'Address 27', '961214', '256854'),
    ('10000000-0000-0000-0000-000000000008', 'Address 54', 'Address 29', '524907', '639811');

GO
INSERT INTO Cargo (Id, InvoiceId, CargoVolume, CargoWeight, CargoCode, VehicleId, WarehouseId)
VALUES
    ('20000000-0000-0000-0000-000000000001', '10000000-0000-0000-0000-000000000001', 10, 100, 'AJD8773ND78', 1, NULL),
    ('20000000-0000-0000-0000-000000000002', '10000000-0000-0000-0000-000000000002', 10, 100, 'SJ837CC7DF9', 2, NULL),
    ('20000000-0000-0000-0000-000000000003', '10000000-0000-0000-0000-000000000003', 10, 100, 'LP97H6H7123', 3, NULL),
    ('20000000-0000-0000-0000-000000000004', '10000000-0000-0000-0000-000000000004', 10, 100, 'XD86FU78D76', 4, NULL),
    ('20000000-0000-0000-0000-000000000005', '10000000-0000-0000-0000-000000000005', 10, 100, 'HYG667543S9', NULL, 1),
    ('20000000-0000-0000-0000-000000000006', '10000000-0000-0000-0000-000000000006', 10, 100, 'K887H676WS0', NULL, 1),
    ('20000000-0000-0000-0000-000000000007', '10000000-0000-0000-0000-000000000007', 10, 100, 'P12RGS129PM', NULL, 2),
    ('20000000-0000-0000-0000-000000000008', '10000000-0000-0000-0000-000000000008', 10, 100, 'HRUK98OP238', NULL, 2);

USE master;
